{"IcoMoonType":"selection","icons":[{"icon":{"paths":["M475.802 663.040l36.198 36.198 289.638-289.638-72.397-72.397-217.242 217.19-217.242-217.19-72.397 72.397z"],"attrs":[],"isMulticolor":false,"isMulticolor2":false,"tags":["cheveron-down"],"grid":20},"attrs":[],"properties":{"id":76,"order":11,"prevSize":20,"code":59648,"name":"cheveron-down"},"setIdx":6,"setId":2,"iconIdx":75},{"icon":{"paths":["M360.96 475.802l-36.198 36.198 289.638 289.638 72.397-72.397-217.19-217.242 217.19-217.242-72.397-72.397z"],"attrs":[],"isMulticolor":false,"isMulticolor2":false,"tags":["cheveron-left"],"grid":20},"attrs":[],"properties":{"id":77,"order":12,"prevSize":20,"code":59649,"name":"cheveron-left"},"setIdx":6,"setId":2,"iconIdx":76},{"icon":{"paths":["M663.040 548.198l36.198-36.198-289.638-289.638-72.397 72.397 217.19 217.242-217.19 217.242 72.397 72.397 253.44-253.44z"],"attrs":[],"isMulticolor":false,"isMulticolor2":false,"tags":["cheveron-right"],"grid":20},"attrs":[],"properties":{"id":82,"order":14,"prevSize":20,"code":59650,"name":"cheveron-right"},"setIdx":6,"setId":2,"iconIdx":81},{"icon":{"paths":["M548.198 360.96l-36.198-36.198-289.638 289.638 72.397 72.397 217.242-217.19 217.242 217.19 72.397-72.397z"],"attrs":[],"isMulticolor":false,"isMulticolor2":false,"tags":["cheveron-up"],"grid":20},"attrs":[],"properties":{"id":83,"order":15,"prevSize":20,"code":59651,"name":"cheveron-up"},"setIdx":6,"setId":2,"iconIdx":82},{"icon":{"paths":["M384 928c0 53.019-42.981 96-96 96s-96-42.981-96-96c0-53.019 42.981-96 96-96s96 42.981 96 96z","M1024 928c0 53.019-42.981 96-96 96s-96-42.981-96-96c0-53.019 42.981-96 96-96s96 42.981 96 96z","M1024 512v-384h-768c0-35.346-28.654-64-64-64h-192v64h128l48.074 412.054c-29.294 23.458-48.074 59.5-48.074 99.946 0 70.696 57.308 128 128 128h768v-64h-768c-35.346 0-64-28.654-64-64 0-0.218 0.014-0.436 0.016-0.656l831.984-127.344z"],"tags":["cart","purchase","ecommerce","shopping"],"defaultCode":59706,"grid":16,"attrs":[]},"attrs":[],"properties":{"ligatures":"cart, purchase","name":"cart","order":18,"id":59,"prevSize":32,"code":59706},"setIdx":7,"setId":1,"iconIdx":58}],"height":1024,"metadata":{"name":"icomoon"},"preferences":{"showGlyphs":true,"showQuickUse":true,"showQuickUse2":true,"showSVGs":true,"fontPref":{"prefix":"icon-","metadata":{"fontFamily":"icomoon"},"metrics":{"emSize":1024,"baseline":6.25,"whitespace":50},"embed":false},"imagePref":{"prefix":"icon-","png":true,"useClassSelector":true,"color":0,"bgColor":16777215,"classSelector":".icon","name":"icomoon"},"historySize":50,"showCodes":true,"gridSize":16}}