{"IcoMoonType":"selection","icons":[{"icon":{"paths":["M384 928c0 53.019-42.981 96-96 96s-96-42.981-96-96c0-53.019 42.981-96 96-96s96 42.981 96 96z","M1024 928c0 53.019-42.981 96-96 96s-96-42.981-96-96c0-53.019 42.981-96 96-96s96 42.981 96 96z","M1024 512v-384h-768c0-35.346-28.654-64-64-64h-192v64h128l48.074 412.054c-29.294 23.458-48.074 59.5-48.074 99.946 0 70.696 57.308 128 128 128h768v-64h-768c-35.346 0-64-28.654-64-64 0-0.218 0.014-0.436 0.016-0.656l831.984-127.344z"],"attrs":[],"isMulticolor":false,"isMulticolor2":false,"tags":["cart","purchase","ecommerce","shopping"],"defaultCode":59706,"grid":16},"attrs":[],"properties":{"ligatures":"cart, purchase","name":"cart","order":18,"id":0,"prevSize":32,"code":59706},"setIdx":1,"setId":15,"iconIdx":0},{"icon":{"paths":["M891.802 312.781c13.926-13.722 36.301-13.722 50.125 0s13.875 35.891 0 49.613l-404.89 400.896c-13.824 13.722-36.198 13.722-50.125 0l-404.89-400.896c-13.824-13.722-13.824-35.891 0-49.613 13.875-13.722 36.301-13.722 50.125 0l379.853 365.619 379.802-365.619z"],"attrs":[],"isMulticolor":false,"isMulticolor2":false,"tags":["chevron-thin-down"],"grid":20},"attrs":[],"properties":{"id":41,"order":26,"prevSize":20,"code":59648,"name":"chevron-thin-down"},"setIdx":2,"setId":14,"iconIdx":40},{"icon":{"paths":["M711.219 891.802c13.722 13.926 13.722 36.301 0 50.125s-35.891 13.875-49.613 0l-400.896-404.89c-13.722-13.824-13.722-36.198 0-50.125l400.896-404.89c13.722-13.824 35.891-13.824 49.613 0 13.722 13.875 13.722 36.301 0 50.125l-365.619 379.853 365.619 379.802z"],"attrs":[],"isMulticolor":false,"isMulticolor2":false,"tags":["chevron-thin-left"],"grid":20},"attrs":[],"properties":{"id":42,"order":24,"prevSize":20,"code":59649,"name":"chevron-thin-left"},"setIdx":2,"setId":14,"iconIdx":41},{"icon":{"paths":["M678.4 512l-365.619-379.904c-13.722-13.824-13.722-36.198 0-50.125 13.722-13.824 35.891-13.824 49.613 0l400.896 404.89c13.722 13.875 13.722 36.301 0 50.125l-400.896 404.89c-13.722 13.875-35.891 13.824-49.613 0-13.722-13.773-13.722-36.198 0-50.125l365.619-379.75z"],"attrs":[],"isMulticolor":false,"isMulticolor2":false,"tags":["chevron-thin-right"],"grid":20},"attrs":[],"properties":{"id":43,"order":23,"prevSize":20,"code":59650,"name":"chevron-thin-right"},"setIdx":2,"setId":14,"iconIdx":42},{"icon":{"paths":["M132.198 711.219c-13.926 13.722-36.301 13.722-50.125 0s-13.875-35.891 0-49.613l404.89-400.896c13.824-13.722 36.198-13.722 50.125 0l404.89 400.896c13.824 13.722 13.824 35.891 0 49.613-13.875 13.722-36.301 13.722-50.074 0l-379.904-365.619-379.802 365.619z"],"attrs":[],"isMulticolor":false,"isMulticolor2":false,"tags":["chevron-thin-up"],"grid":20},"attrs":[],"properties":{"id":44,"order":25,"prevSize":20,"code":59651,"name":"chevron-thin-up"},"setIdx":2,"setId":14,"iconIdx":43}],"height":1024,"metadata":{"name":"icomoon"},"preferences":{"showGlyphs":true,"showQuickUse":true,"showQuickUse2":true,"showSVGs":true,"fontPref":{"prefix":"icon-","metadata":{"fontFamily":"icomoon"},"metrics":{"emSize":1024,"baseline":6.25,"whitespace":50},"embed":false},"imagePref":{"prefix":"icon-","png":true,"useClassSelector":true,"color":0,"bgColor":16777215,"classSelector":".icon","name":"icomoon"},"historySize":50,"showCodes":true,"gridSize":16}}